nominee,nr_wins,nr_nominations,globes_index
 Topol,2,2,3
Aaron Eckhart,0,1,1
Aaron Paul,0,1,1
Aaron Taylor-Johnson,1,1,2
Abbey Lincoln,0,1,1
Adam Beach,0,1,1
Adam Driver,0,2,1
Adam Sandler,0,1,1
Adolph Caesar,0,1,1
Adriana Barraza,0,1,1
Adrien Brody,0,1,1
Adrienne Barbeau,0,1,1
Agnes Moorehead,2,2,3
Aileen Quinn,0,2,1
Akim Tamiroff,1,1,2
Al Pacino,4,18,3
Alain Delon,0,1,1
Alan Alda,6,15,3
Alan Arkin,1,8,2
Alan Bates,0,4,1
Alan Cumming,0,2,1
Alan Rachins,0,1,1
Alan Rickman,1,1,2
Alan Thicke,0,1,1
Albert Brooks,0,1,1
Albert Finney,3,9,3
Alberto Sordi,1,3,2
Aldo Ray,0,1,1
Alec Baldwin,3,11,3
Alec Guinness,1,3,2
Alec McCowen,0,1,1
Alex Borstein,0,1,1
Alexander Knox,1,1,2
Alexander Skarsgård,1,1,2
Alfre Woodard,1,3,2
Alfred Molina,0,1,1
Ali MacGraw,2,2,3
Alicia Silverstone,0,1,1
Alicia Vikander,0,2,1
Alida Valli,0,1,1
Alison Brie,0,2,1
Allison Janney,1,6,2
Allison Tolman,0,1,1
Allyce Beasley,0,1,1
Amanda Blake,0,3,1
Amanda Donohoe,1,1,2
Amanda Plummer,0,1,1
Amber Tamblyn,0,1,1
America Ferrera,1,3,2
Amy Adams,2,9,3
Amy Brenneman,0,3,1
Amy Irving,0,2,1
Amy Madigan,1,3,2
Amy Poehler,1,3,2
Amy Ryan,0,1,1
Amy Schumer,0,1,1
Ana de Armas,0,1,1
Andie MacDowell,0,3,1
Andre Braugher,0,2,1
Andrea Marcovicci,0,1,1
Andrew Garfield,0,2,1
Andrew Scott,0,1,1
Andrew Stevens,0,1,1
Andy Garcia,0,2,1
Andy Kaufman,0,2,1
Andy Samberg,1,1,2
Andy Serkis,0,1,1
Andy Williams,0,1,1
Angel Tompkins,0,1,1
Angela Bassett,1,1,2
Angela Lansbury,6,15,3
Angelina Jolie,3,6,3
Angie Dickinson,2,5,3
Anita Ekberg,1,1,2
Anita Skinner,0,1,1
Anjelica Huston,1,8,2
Ann Dowd,0,1,1
Ann Jillian,1,2,2
Ann Sothern,0,1,1
Ann Turkel,0,1,1
Ann-Margret,5,10,3
Anna Calder Marshall,0,1,1
Anna Friel,0,1,1
Anna Kendrick,0,1,1
Anna Magnani,1,3,2
Anna Paquin,1,5,2
Anne Archer,0,1,1
Anne Bancroft,2,8,3
Anne Baxter,1,1,2
Anne Ditchburn,0,1,1
Anne Francis,1,1,2
Anne Hathaway,1,3,2
Anne Heywood,0,1,1
Anne Jeffreys,0,1,1
Anne Meara,0,1,1
Anne Ramsey,0,1,1
Annette Bening,2,9,3
Annette O'Toole,0,1,1
Annie Potts,0,1,1
Anouk Aimée,1,1,2
Ansel Elgort,0,1,1
Anson Williams,0,1,1
Anthony Anderson,0,2,1
Anthony Andrews,1,2,2
Anthony Edwards,1,4,2
Anthony Franciosa,1,3,2
Anthony Hopkins,0,7,1
Anthony LaPaglia,1,1,2
Anthony Perkins,1,1,2
Anthony Quayle,0,1,1
Anthony Quinn,0,5,1
Antonio Banderas,0,5,1
Antonio Sábato,0,1,1
Archie Panjabi,0,1,1
Armand Assante,0,4,1
Armie Hammer,0,1,1
Arnold Schwarzenegger,1,2,2
Art Carney,1,1,2
Art Garfunkel,0,1,1
Arthur Kennedy,1,2,2
Ashley Judd,0,2,1
Assaf Dayan,0,1,1
Audra Lindley,0,2,1
Audrey Hepburn,1,9,2
Ava Gardner,0,1,1
Awkwafina,1,1,2
Aziz Ansari,1,2,2
Barbara Bain,0,1,1
Barbara Bel Geddes,0,3,1
Barbara Carrera,0,2,1
Barbara Eden,0,2,1
Barbara Hancock,0,2,1
Barbara Harris,0,4,1
Barbara Hershey,1,3,2
Barbara Mandrell,0,1,1
Barbara Rush,1,2,2
Barbara Sigel,0,1,1
Barbara Stanwyck,1,4,2
Barbra Streisand,2,9,3
Barkhad Abdi,0,1,1
Barry Bostwick,1,1,2
Barry Coe,1,1,2
Barry Fitzgerald,1,1,2
Barry Miller,0,1,1
Barry Newman,0,1,1
Barry Pepper,0,1,1
Beah Richards,0,1,1
Beanie Feldstein,0,1,1
Beatrice Arthur,0,9,1
Beau Bridges,2,4,3
Bella Darvi,2,3,3
Ben Affleck,0,1,1
Ben Gazzara,0,3,1
Ben Johnson,1,1,2
Ben Kingsley,2,8,3
Ben Mendelsohn,0,1,1
Ben Platt,0,1,1
Ben Shenkman,0,1,1
Ben Vereen,0,2,1
Ben Whishaw,1,1,2
Benedict Cumberbatch,0,3,1
Benicio del Toro,1,1,2
Bernadette Peters,1,3,2
Bernie Mac,0,2,1
Beryl Reid,0,1,1
Beth Howland,0,4,1
Bette Davis,0,3,1
Bette Midler,4,8,3
Betty Garrett,1,1,2
Betty Hutton,0,1,1
Betty White,0,4,1
Beverly D'Angelo,0,1,1
Beyoncé,0,1,1
Bill Cosby,2,5,3
Bill Hader,0,2,1
Bill Murray,1,6,2
Bill Nighy,1,3,2
Bill Paxton,0,4,1
Billy Bob Thornton,2,6,3
Billy Crystal,0,3,1
Billy Porter,0,2,1
Bing Crosby,0,1,1
Bitty Schram,0,1,1
Björk,0,1,1
Blair Brown,0,2,1
Blair Underwood,0,2,1
Blythe Danner,0,1,1
Bo Derek,0,1,1
Bob Hope,0,2,1
Bob Hoskins,1,3,2
Bob Newhart,1,7,2
Bob Odenkirk,0,3,1
Bobby Darin,1,3,2
Bonnie Bedelia,0,1,1
Bonnie Franklin,0,2,1
Bonnie Hunt,0,2,1
Brad Davis,1,2,2
Brad Dourif,1,1,2
Brad Pitt,2,6,3
Bradford Dillman,1,1,2
Bradley Cooper,0,3,1
Bradley Whitford,0,3,1
Brenda Blethyn,1,3,2
Brenda Fricker,0,1,1
Brenda Vaccaro,1,3,2
Brendan Gleeson,0,3,1
Brendon Boone,0,1,1
Brett Butler,0,2,1
Brett Halsey,1,1,2
Brian Cox,1,2,2
Brian Dennehy,1,1,2
Brian McNamara,0,1,1
Bridget Fonda,0,2,1
Brie Larson,1,1,2
Broderick Crawford,1,1,2
Brooke Shields,0,2,1
Bruce Davison,1,1,2
Bruce Dern,0,3,1
Bruce Weitz,0,2,1
Bruce Willis,1,4,2
Bryan Brown,0,1,1
Bryan Cranston,1,7,2
Bryce Dallas Howard,0,1,1
Bud Cort,0,1,1
Burgess Meredith,0,1,1
Burl Ives,1,1,2
Burt Lancaster,1,5,2
Burt Reynolds,2,7,3
Bérénice Bejo,0,1,1
Caitriona Balfe,0,4,1
Calista Flockhart,1,5,2
Callie Thorne,0,1,1
Cameron Diaz,0,4,1
Camilla Sparv,1,1,2
Camryn Manheim,1,2,2
Candice Bergen,2,13,3
Cantinflas,1,2,2
Capucine,0,1,1
Cara Williams,0,1,1
Carey Mulligan,0,1,1
Carl Anderson,0,2,1
Carl Betz,1,1,2
Carol Burnett,5,16,3
Carol Channing,1,1,2
Carol Kane,0,1,1
Carol Lynley,0,2,1
Carolyn Jones,1,2,2
Carrie Snodgress,2,2,3
Carroll Baker,2,3,3
Carroll O'Connor,1,11,2
Cary Grant,0,5,1
Casey Affleck,1,2,2
Cate Blanchett,3,10,3
Catherine Keener,0,2,1
Catherine Zeta-Jones,0,2,1
Cathy Moriarty,0,2,1
Cathy Tyson,0,1,1
Cecilia Peck,0,1,1
Celeste Holm,1,1,2
Celia Kaye,1,1,2
Cesar Romero,0,1,1
Chad Everett,0,2,1
Charles Boyer,0,1,1
Charles Durning,1,4,2
Charles Grodin,0,1,1
Charles Laughton,0,1,1
Charles S. Dutton,0,1,1
Charlie Sheen,1,3,2
Charlize Theron,1,6,2
Charlotte Rampling,0,1,1
Charlton Heston,0,3,1
Cher,3,6,3
Chevy Chase,0,2,1
Chief Dan George,0,1,1
Chiwetel Ejiofor,0,5,1
Chloë Sevigny,1,2,2
Chris Colfer,1,1,2
Chris Cooper,1,1,2
Chris Noth,0,2,1
Chris O'Donnell,0,1,1
Chris Sarandon,0,1,1
Chrissy Metz,0,2,1
Christian Bale,2,5,3
Christian Slater,1,3,2
Christina Applegate,0,4,1
Christina Ricci,0,1,1
Christine Baranski,0,2,1
Christine Kaufmann,1,1,2
Christine Lahti,2,8,3
Christoph Waltz,2,3,3
Christopher Abbott,0,1,1
Christopher Atkins,0,1,1
Christopher Burke,0,1,1
Christopher George,0,1,1
Christopher Plummer,1,4,2
Christopher Reeve,0,1,1
Christopher Walken,0,1,1
Cicely Tyson,0,1,1
Cillian Murphy,0,1,1
Cindy Robbins,0,1,1
Cindy Williams,0,1,1
Claire Danes,4,5,3
Claire Foy,1,3,2
Clark Gable,0,2,1
Claudette Colbert,1,1,2
Claudia McNeil,0,1,1
Cliff Robertson,0,1,1
Clifton Webb,1,2,2
Clive Owen,1,3,2
Clive Revill,0,1,1
Cloris Leachman,1,4,2
Colette Marchand,1,1,2
Colin Farrell,1,2,2
Colin Firth,1,2,2
Colin Hanks,0,1,1
Colm Meaney,0,1,1
Connie Britton,0,2,1
Connie Sellecca,0,1,1
Constance Wu,0,1,1
Corbin Bernsen,0,2,1
Cordula Trantow,0,1,1
Corey Stoll,0,1,1
Courteney Cox,0,1,1
Courtney B. Vance,0,1,1
Courtney Love,0,1,1
Craig T. Nelson,0,4,1
Cuba Gooding Jr.,0,1,1
Cybill Shepherd,3,6,3
Cyd Charisse,0,1,1
Cynthia Erivo,0,1,1
Cynthia Gibb,0,1,1
Cynthia Nixon,0,5,1
Cyril Delevanti,0,1,1
Dabney Coleman,1,3,2
Daliah Lavi,0,1,1
Damian Lewis,1,4,2
Dan Dailey,1,2,2
Dana Delaney,0,2,1
Dana Wynter,1,1,2
Daniel Benzali,0,1,1
Daniel Brühl,0,2,1
Daniel Craig,0,1,1
Daniel Day-Lewis,2,8,3
Daniel J. Travanti,1,5,2
Daniel Kaluuya,0,1,1
Daniel Massey,1,2,2
Danielle Brisebois,0,1,1
Danny Aiello,0,1,1
Danny DeVito,1,6,2
Danny Huston,0,1,1
Danny Kaye,2,5,3
Danny Thomas,0,1,1
Darleen Carr,0,1,1
Darren Criss,1,1,2
David Brian,0,1,1
David Carradine,0,4,1
David Caruso,1,1,2
David Doyle,0,1,1
David Duchovny,2,8,3
David Frost,0,1,1
David Harbour,0,1,1
David Hartman,0,1,1
David Hyde-Pierce,0,5,1
David Janssen,1,3,2
David Keith,0,2,1
David Ladd,0,2,1
David McCallum,0,1,1
David Niven,2,3,3
David Oyelowo,0,2,1
David Paymer,0,2,1
David Spade,0,2,1
David Strathairn,0,2,1
David Thewlis,0,1,1
Dean Jones,0,1,1
Dean Martin,1,5,2
Dean Stockwell,1,5,2
Dean-Paul Martin,0,1,1
Debbie Allen,1,3,2
Debbie Reynolds,0,4,1
Deborah Kerr,1,4,2
Deborah Raffin,0,1,1
Debra Messing,0,9,1
Debra Winger,0,5,1
"Deep End, The",0,1,1
Della Reese,0,1,1
Delores Taylor,0,1,1
Demi Moore,0,2,1
Denis Leary,0,2,1
Denise Nicholas,0,3,1
Dennis Christopher,0,1,1
Dennis Franz,1,2,2
Dennis Haysbert,0,1,1
Dennis Hopper,0,2,1
Dennis Quaid,0,2,1
Denzel Washington,2,9,3
Derek Jacobi,0,1,1
Desi Arnaz Jr.,1,1,2
Dev Patel,0,1,1
Dexter Gordon,0,1,1
Diahann Carroll,1,3,2
Diana Rigg,0,1,1
Diana Ross,1,3,2
Diane Baker,0,2,1
Diane Keaton,2,9,3
Diane Ladd,1,4,2
Diane Lane,0,3,1
Diane Varsi,1,1,2
Diane Venora,0,1,1
Dianne Wiest,1,4,2
Dick Van Dyke,0,2,1
Dinah Shore,0,1,1
Dirk Bogarde,0,2,1
Djimon Hounsou,0,1,1
Dolly Parton,0,3,1
Dom De Luise,0,1,1
Dominic West,0,2,1
Don Adams,0,1,1
Don Cheadle,2,5,3
Don Johnson,1,2,2
Donald Glover,1,2,2
Donald O'Connor,1,1,2
Donald Sutherland,2,8,3
Donna Butterworth,0,1,1
Donna Pescow,0,1,1
Donna Reed,1,1,2
Doris Day,0,6,1
Dorothy Dandridge,0,1,1
Dorothy Loudon,0,1,1
Dorothy Malone,0,3,1
Doug McKeon,0,1,1
Drea de Matteo,0,1,1
Drew Barrymore,1,3,2
Dudley Moore,2,4,3
Dustin Hoffman,5,13,3
Dyan Cannon,1,4,2
Dylan McDermott,1,3,2
E. G. Marshall,0,1,1
Earl Holliman,1,2,2
Ed Asner,5,11,3
Ed Begley,0,1,1
Ed Begley Jr.,0,1,1
Ed Harris,2,6,3
Ed O'Neill,0,2,1
Ed Wynn,0,1,1
Eddie Albert,0,2,1
Eddie Murphy,1,6,2
Eddie Redmayne,1,2,2
Edgar Ramírez,0,2,1
Edie Falco,2,11,3
Edith Evans,1,2,2
Edmond O'Brien,2,3,3
Edmund Gwenn,2,2,3
Edward Albert,1,2,2
Edward James Olmos,2,4,3
Edward Norton,1,2,2
Edward Woodward,1,2,2
Efrem Zimbalist Jr.,1,4,2
Eileen Atkins,0,1,1
Eileen Brennan,1,2,2
Eileen Heckart,1,1,2
Elaine May,0,1,1
Eleanor Parker,0,1,1
Elena Verdugo,0,1,1
Eli Wallach,0,1,1
Elisabeth Moss,2,4,3
Elisabeth Shue,0,1,1
Elizabeth Ashley,0,1,1
Elizabeth Hartman,1,3,2
Elizabeth McGovern,0,1,1
Elizabeth Montgomery,0,4,1
Elizabeth Perkins,0,2,1
Elizabeth Taylor,1,4,2
Elke Sommer,1,1,2
Ellen Barkin,0,2,1
Ellen Burstyn,1,7,2
Ellen Corby,2,5,3
Ellen DeGeneres,0,3,1
Ellen Page,0,1,1
Ellen Pompeo,0,1,1
Elliott Gould,0,1,1
Elsa Lanchester,1,1,2
Elsie Fisher,0,1,1
Emily Blunt,1,6,2
Emily McLaughlin,0,1,1
Emily Watson,0,5,1
Emma Stone,1,5,2
Emma Thompson,1,9,2
Emmy Rossum,0,1,1
Eric McCormack,0,6,1
Eric Roberts,0,3,1
Eric Stoltz,0,1,1
Eric Stonestreet,0,3,1
Erich von Stroheim,0,1,1
Erik Estrada,0,1,1
Eriq La Salle,0,1,1
Ernest Borgnine,1,2,2
Estelle Getty,1,3,2
Estelle Hemsley,0,1,1
Esther Rolle,0,1,1
Ethan Hawke,0,1,1
Ethel Merman,1,1,2
Eva Green,0,1,1
Eva Longoria,0,1,1
Eva Marie Saint,0,1,1
Evan Rachel Wood,0,3,1
Evangeline Lilly,0,1,1
Ewa Aulin,0,1,1
Ewan McGregor,1,3,2
F. Murray Abraham,1,1,2
Faith Ford,0,2,1
Farrah Fawcett,0,6,1
Fay Bainter,0,1,1
Faye Dunaway,3,11,3
Felicity Huffman,1,7,2
Felicity Jones,0,1,1
Fernanda Montenegro,0,1,1
Flip Wilson,1,3,2
Forest Whitaker,1,2,2
Fran Drescher,0,2,1
France Nuyen,0,1,1
Frances Conroy,1,1,2
Frances McDormand,1,6,2
Frances O'Connor,0,2,1
Franco Nero,0,1,1
Frank Finlay,0,1,1
Frank Langella,0,2,1
Frank Sinatra,2,3,3
Frankie Muniz,0,2,1
Frankie Shaw,0,1,1
Fred Astaire,2,5,3
Fred MacMurray,0,1,1
Fred Savage,0,2,1
Freddie Highmore,0,1,1
Freddie Prinze,0,1,1
Frederic Forrest,0,2,1
Fredric March,1,3,2
Fyvush Finkel,0,1,1
Gabourey Sidibe,0,1,1
Gabriel Byrne,1,1,2
Gabriella Pallotta,0,1,1
Gael García Bernal,1,2,2
Gail Fisher,2,4,3
Garry Shandling,0,2,1
Gary Busey,0,1,1
Gary Cooper,1,2,2
Gary Grimes,0,1,1
Gary Oldman,1,1,2
Gary Sinise,1,3,2
Gavin MacLeod,0,5,1
Geena Davis,1,4,2
Gena Rowlands,2,8,3
Gene Barry,1,1,2
Gene Hackman,3,8,3
Gene Kelly,0,1,1
Gene Wilder,0,2,1
Geneviève Bujold,1,1,2
Geoffrey Lewis,0,1,1
Geoffrey Rush,2,6,3
George C. Scott,2,6,3
George Chakiris,1,2,2
George Clooney,3,8,3
George Hamilton,1,3,2
George Kennedy,0,2,1
George Lazenby,0,1,1
George Nader,1,1,2
George Sanders,0,1,1
George Segal,2,5,3
Geraldine Chaplin,0,3,1
Geraldine Page,2,9,3
Gig Young,1,2,2
Gilbert Roland,0,2,1
Gillian Anderson,1,5,2
Gina Lollobrigida,0,2,1
Gina Rodriguez,1,3,2
Ginger Rogers,0,1,1
Gladys Knight,0,1,1
Glen Campbell,0,2,1
Glenda Jackson,1,8,2
Glenn Close,3,13,3
Glenn Ford,1,3,2
Gloria Grahame,0,1,1
Gloria Reuben,0,1,1
Gloria Stuart,0,1,1
Gloria Swanson,1,2,2
Glynis Johns,0,1,1
Goldie Hawn,1,9,2
Gordon Thomson,0,1,1
Grace Kelly,2,2,3
Grayson Hall,0,1,1
Greer Garson,1,1,2
Greg Kinnear,0,1,1
Gregory Peck,3,6,3
Gregory Rozakis,0,1,1
Greta Baldwin,0,1,1
Greta Gerwig,0,1,1
Greta Scacchi,0,1,1
Griffin Dunne,0,1,1
Guy Pearce,0,1,1
Gwyneth Paltrow,1,2,2
Gérard Depardieu,1,1,2
Hailee Steinfeld,0,1,1
Haing S. Ngor,1,1,2
Hal Linden,0,4,1
Haley Joel Osment,0,1,1
Halle Berry,1,4,2
Hannah Taylor Gordon,0,1,1
Harold J. Stone,0,1,1
Harold Lloyd,0,1,1
Harrison Ford,0,4,1
Harry Guardino,0,2,1
Harry Hamlin,0,4,1
Harve Presnell,1,1,2
Harvey Keitel,0,1,1
Harvey Korman,1,4,2
Harvey Stephens,0,1,1
Hayden Christensen,0,1,1
Hayden Panettiere,0,2,1
Hayley Atwell,0,1,1
Hayley Mills,1,3,2
Heath Ledger,1,2,2
Heather Locklear,0,6,1
Heather Sears,0,1,1
Hector Elizondo,0,1,1
Helen Hayes,0,2,1
Helen Hunt,4,8,3
Helen Mirren,3,16,3
Helen Reddy,0,1,1
Helena Bonham Carter,0,8,1
Helena Kallianiotes,0,1,1
Helmut Berger,0,1,1
Henry Fonda,1,2,2
Henry Gibson,0,2,1
Henry Thomas,0,2,1
Henry Winkler,2,6,3
Hermione Baddeley,1,1,2
Hermione Gingold,1,2,2
Herschel Bernardi,0,2,1
Herve Villechaize,0,1,1
Hilary Swank,2,3,3
Holly Hunter,1,7,2
Hong Chau,0,1,1
Hope Davis,0,2,1
Hope Lange,0,2,1
Howard E. Rollins Jr.,0,1,1
Hugh Bonneville,0,1,1
Hugh Grant,1,5,2
Hugh Griffith,0,2,1
Hugh Jackman,1,3,2
Hugh Laurie,3,7,3
Hugh O'Brian,1,1,2
Hume Cronyn,0,1,1
Ian Bannen,0,1,1
Ian McKellen,1,3,2
Ian McShane,1,2,2
Ida Kaminska,0,1,1
Idris Elba,1,6,2
Imelda Staunton,0,1,1
Ina Balin,1,2,2
Inga Swenson,0,1,1
Inger Stevens,1,1,2
Ingrid Bergman,3,8,3
Irene Bedard,0,1,1
Irene Cara,0,1,1
Irene Miracle,1,1,2
Isabel Sanford,0,5,1
Isabella Rossellini,0,1,1
Isabelle Huppert,1,1,2
Issa Rae,0,2,1
J. Carroll Naish,1,1,2
J.K. Simmons,1,1,2
Jack Black,0,2,1
Jack Gilford,0,1,1
Jack Klugman,1,2,2
Jack Lemmon,4,22,3
Jack Nicholson,6,17,3
Jack Palance,1,1,2
Jack Weston,0,1,1
Jack Wild,0,1,1
Jacki Weaver,0,1,1
Jackie Gleason,0,3,1
Jackée Harry,0,1,1
Jaclyn Smith,0,1,1
Jacqueline Bisset,1,5,2
Jacques Bergerac,1,1,2
Jaime Pressly,0,1,1
Jake Gyllenhaal,0,2,1
James Brolin,2,6,3
James Caan,0,4,1
James Coco,0,2,1
James Earl Jones,1,5,2
James Farentino,1,1,2
James Fox,0,1,1
James Franciscus,0,1,1
James Franco,2,4,3
James Gandolfini,1,4,2
James Garner,4,12,3
James Mason,1,3,2
James McAvoy,0,1,1
James Nesbitt,0,1,1
James Shigeta,1,1,2
James Spader,0,3,1
James Stewart,1,3,2
James Whitmore,1,2,2
James Woods,1,9,2
Jamie Foxx,1,3,2
Jamie Lee Curtis,2,7,3
Jan Niklas,1,2,2
Jan Sterling,1,1,2
Jan-Michael Vincent,0,2,1
Jane Adams,0,1,1
Jane Alexander,0,3,1
Jane Curtin,0,1,1
Jane Fonda,4,12,3
Jane Horrocks,0,1,1
Jane Kaczmarek,0,3,1
Jane Krakowski,0,1,1
Jane Leeves,0,1,1
Jane Lynch,1,2,2
Jane Morrow,0,1,1
Jane Seymour,2,8,3
Jane Wyman,3,4,3
Janet Leigh,1,1,2
Janet Margolin,0,1,1
Janet McTeer,1,4,2
Janet Munro,1,1,2
Janet Suzman,0,1,1
Janine Turner,0,3,1
January Jones,0,2,1
Jared Harris,0,1,1
Jared Leto,1,1,2
Jason Alexander,0,4,1
Jason Bateman,1,4,2
Jason Isaacs,0,1,1
Jason Lee,0,2,1
Jason Priestley,0,2,1
Jason Robards Jr.,0,5,1
Javier Bardem,1,4,2
Jayne Mansfield,1,2,2
Jean Dujardin,1,1,2
Jean Marsh,0,2,1
Jean Seberg,0,1,1
Jean Simmons,1,6,2
Jean Stapleton,2,9,3
Jeannette Clift,0,1,1
Jeannie Berlin,0,1,1
Jeff Bridges,1,5,2
Jeff Conway,0,2,1
Jeff Daniels,0,4,1
Jeff Richards,1,1,2
Jeffrey Jones,0,1,1
Jeffrey Lynas,0,1,1
Jeffrey Tambor,1,3,2
Jeffrey Wright,1,1,2
Jena Malone,0,1,1
Jenna Elfman,1,3,2
Jennifer Aniston,1,4,2
Jennifer Beals,0,1,1
Jennifer Connelly,1,1,2
Jennifer Garner,1,4,2
Jennifer Grey,0,1,1
Jennifer Hudson,1,1,2
Jennifer Jason Leigh,0,2,1
Jennifer Jones,1,2,2
Jennifer Lawrence,3,4,3
Jennifer Lopez,0,2,1
Jennifer Love Hewitt,0,1,1
Jeremy Irons,2,6,3
Jeremy Piven,1,6,2
Jeremy Renner,0,1,1
Jerry Lewis,0,1,1
Jerry Seinfeld,1,4,2
Jesse Eisenberg,0,1,1
Jessica Alba,0,1,1
Jessica Biel,0,1,1
Jessica Chastain,1,5,2
Jessica Lange,5,16,3
Jessica Tandy,1,4,2
Jessica Walter,0,2,1
Jill Clayburgh,0,4,1
Jill Eikenberry,1,4,2
Jill Haworth,0,1,1
Jill St. John,0,1,1
Jim Broadbent,2,3,3
Jim Carrey,2,7,3
Jim Hampton,0,1,1
Jim Metzler,0,1,1
Jim Nabors,0,1,1
Jim Parsons,1,3,2
Jimmie Walker,0,2,1
Jimmy Durante,0,1,1
Jimmy Smits,1,4,2
JoBeth Williams,0,1,1
Joan Allen,0,3,1
Joan Blondell,0,2,1
Joan Collins,1,6,2
Joan Crawford,0,1,1
Joan Cusack,0,1,1
Joan Greenwood,0,1,1
Joan Hackett,1,1,2
Joan Plowright,2,2,3
Joanna Barnes,0,1,1
Joanna Cassidy,1,1,2
Joanna Pacula,0,1,1
Joanne Froggatt,1,2,2
Joanne Woodward,3,10,3
Joaquin Phoenix,2,6,3
Jocelyn Lagarde,1,1,2
Jodie Comer,0,1,1
Jodie Foster,2,7,3
Joe Adams,1,1,2
Joe Mantegna,0,1,1
Joe Namath,0,1,1
Joe Pesci,0,3,1
Joel Edgerton,0,1,1
Joel Grey,1,2,2
Joely Fisher,0,1,1
Joely Richardson,0,2,1
Joey Heatherton,0,1,1
Joey King,0,1,1
Joey Lauren Adams,0,1,1
John C. Reilly,0,3,1
John Cameron Mitchell,0,1,1
John Cassavetes,0,1,1
John Cazale,0,1,1
John Cleese,0,1,1
John Corbett,0,2,1
John Cusack,0,1,1
John Daly,1,1,2
John David Washington,0,1,1
John Forsythe,2,6,3
John Gavin,1,1,2
John Gielgud,2,3,3
John Goodman,1,5,2
John Hawkes,0,1,1
John Hillerman,1,5,2
John Houseman,1,4,2
John Hurt,1,2,2
John Huston,1,2,2
John James,0,1,1
John Kerr,1,1,2
John Larroquette,0,1,1
John Leguizamo,0,1,1
John Lithgow,2,5,3
John Lone,0,2,1
John Mahoney,0,2,1
John Malkovich,0,3,1
John Marley,0,1,1
John Mills,1,1,2
John Philip Law,0,1,1
John Ritter,1,5,2
John Sarno,0,1,1
John Saxon,1,2,2
John Spencer,0,1,1
John Travolta,1,7,2
John Turturro,0,2,1
John Wayne,1,1,2
Johnny Carson,0,1,1
Johnny Depp,1,10,2
Johnny Galecki,0,1,1
Jon Hamm,2,6,3
Jon Voight,4,11,3
Jonah Hill,0,2,1
Jonathan Kahn,0,1,1
Jonathan Pryce,0,2,1
Jonathan Rhys Meyers,1,3,2
Jonathan Winters,0,1,1
Joseph Bottoms,1,1,2
Joseph Gordon-Levitt,0,2,1
Joseph Schildkraut,0,1,1
Joseph Welch,0,1,1
Josephine Hull,1,1,2
Josette Banzet,1,1,2
Josh Charles,0,1,1
José Ferrer,1,1,2
Joyce Redman,0,1,1
Juanita Moore,0,1,1
Juano Hernandez,0,1,1
Judd Hirsch,1,8,2
Judd Nelson,0,1,1
Jude Law,0,4,1
Judi Dench,2,12,3
Judith Light,0,1,1
Judy Davis,2,6,3
Judy Garland,1,2,2
Judy Holliday,1,5,2
Julia Duffy,0,1,1
Julia Louis-Dreyfus,1,9,2
Julia Roberts,3,9,3
Julia Stiles,0,1,1
Julian McMahon,0,1,1
Julianna Margulies,1,12,2
Julianne Moore,2,9,3
Julie Andrews,3,10,3
Julie Christie,1,3,2
Julie Delpy,0,1,1
Julie Gholson,0,1,1
Julie Kavner,0,4,1
Julie London,0,1,1
Julie Newmar,0,2,1
Julie Sommars,1,2,2
Julie Walters,1,2,2
Juliet Mills,0,2,1
Juliette Binoche,0,3,1
Juliette Lewis,0,1,1
June Allyson,1,1,2
June Squibb,0,1,1
Justin Henry,0,2,1
Justin Kirk,0,1,1
Justine Bateman,0,1,1
Kaitlyn Dever,0,1,1
Karen Black,2,3,3
Karen Sharpe,1,1,2
Karen Valentine,0,1,1
Karl Malden,0,3,1
Kate Hudson,1,1,2
Kate Jackson,0,4,1
Kate Mulgrew,0,1,1
Kate Reid,0,2,1
Kate Winslet,4,11,3
Katey Sagal,1,5,2
Katharine Hepburn,0,8,1
Katharine Houghton,0,1,1
Katharine Ross,2,3,3
Katherine Healy,0,1,1
Katherine Heigl,0,2,1
Katherine Helmond,2,3,3
Katherine Langford,0,1,1
Kathleen Beller,0,1,1
Kathleen Quinlan,0,2,1
Kathleen Turner,2,4,3
Kathy Baker,1,3,2
Kathy Bates,2,8,3
Katina Paxinou,1,1,2
Katy Jurado,1,2,2
Kay Kendall,1,1,2
Kay Lenz,0,1,1
Kaye Stevens,0,1,1
Keir Dullea,1,1,2
Keira Knightley,0,3,1
Kelly MacDonald,0,3,1
Kelly McGillis,0,1,1
Kelsey Grammer,3,9,3
Ken Olin,0,1,1
Ken Wahl,1,2,2
Ken Watanabe,0,1,1
Kenneth Branagh,0,4,1
Kenneth Nelson,0,1,1
Keri Russell,1,3,2
Kerry Washington,0,2,1
Kevin Anderson,0,1,1
Kevin Bacon,1,3,2
Kevin Connolly,0,1,1
Kevin Costner,1,4,2
Kevin Dillon,0,1,1
Kevin Hooks,0,1,1
Kevin Kline,0,5,1
Kevin McCarthy,1,1,2
Kevin Spacey,1,8,2
Kiefer Sutherland,1,6,2
Kieran Culkin,0,3,1
Kim Basinger,1,2,2
Kim Cattrall,1,4,2
Kim Darby,0,1,1
Kim Delaney,0,2,1
Kim Hunter,1,1,2
Kim Novak,1,1,2
Kim Stanley,0,1,1
Kirk Calloway,0,1,1
Kirk Cameron,0,2,1
Kirk Douglas,1,3,2
Kirsten Dunst,0,3,1
Kirstie Alley,1,6,2
Kit Harington,0,1,1
Klaus Maria Brandauer,1,2,2
Kris Kristofferson,1,1,2
Kristen Bell,0,1,1
Kristen Johnston,0,1,1
Kristen Wiig,0,1,1
Kristin Davis,0,1,1
Kristin Scott Thomas,0,2,1
Kristy McNichol,0,2,1
Kurt Kasznar,0,1,1
Kurt Russell,0,1,1
Kyle MacLachlan,1,2,2
Kyra Sedgwick,1,8,2
Lady Gaga,1,2,2
Lainie Kazan,0,1,1
Lance Henriksen,0,3,1
Lane Smith,0,1,1
Larry David,0,3,1
Larry Drake,0,3,1
Larry Hagman,0,4,1
Larry Tucker,0,1,1
Laura Dern,5,8,3
Laura Leighton,0,1,1
Laura Linney,2,6,3
Laura San Giacomo,0,2,1
Lauren Bacall,1,1,2
Lauren Graham,0,1,1
Lauren Tewes,0,1,1
Laurence Fishburne,0,1,1
Laurence Harvey,0,1,1
Laurence Olivier,2,5,3
Laurie Metcalf,0,3,1
Lea Michele,0,2,1
Lee Grant,0,5,1
Lee J. Cobb,0,2,1
Lee Kinsolving,0,1,1
Lee Majors,0,1,1
Lee Marvin,1,2,2
Lee Meriwether,0,2,1
Lee Pace,0,2,1
Lee Remick,2,6,3
Lee Strasberg,0,1,1
Lee Tracy,0,1,1
Leelee Sobieski,0,2,1
Leigh Taylor-Young,0,2,1
Lena Dunham,1,3,2
Lena Headey,0,1,1
Lena Olin,0,1,1
Lenny Baker,0,1,1
Leonard Whiting,1,1,2
Leonardo DiCaprio,3,12,3
Lesley Ann Warren,1,4,2
Lesley Warren,0,1,1
Lesley-Anne Down,0,1,1
Leslie Browne,0,1,1
Leslie Caron,1,3,2
Leslie Parish,0,1,1
Leslie Uggams,0,1,1
Liam Neeson,0,3,1
Liev Schreiber,0,6,1
Lila Kedrova,0,1,1
Lilia Skala,0,2,1
Lilli Palmer,0,2,1
Lillian Gish,0,1,1
Lily Collins,0,1,1
Lily Tomlin,0,7,1
Lin-Manuel Miranda,0,1,1
Linda Blair,1,2,2
Linda Cristal,2,3,3
Linda Evans,1,5,2
Linda Gray,0,2,1
Linda Hamilton,0,3,1
Linda Hunt,0,1,1
Linda Kelsey,0,3,1
Linda Kozlowski ,0,1,1
Linda Lavin,2,3,3
Linda Marsh,0,1,1
Linda Ronstadt,0,1,1
Lindsay Wagner,0,2,1
Linus Roache,0,1,1
Lionel Jeffries,0,1,1
Lionel Stander,1,1,2
Lisa Blount,0,1,1
Lisa Eichhorn,0,2,1
Lisa Kudrow,0,1,1
Liselotte Pulver,0,1,1
Liv Ullmann,1,5,2
Liz Torres,0,1,1
Liza Minnelli,2,6,3
Lloyd Haines,0,1,1
Lois Maxwell,1,1,2
Lola Falana,0,1,1
Loni Anderson,0,3,1
Lorenzo Lamas,0,1,1
Loretta Swit,0,4,1
Loretta Young,1,2,2
Lorne Greene,0,1,1
Lorraine Bracco,0,4,1
Lotte Lenya,0,1,1
Lou Diamond Phillips,0,1,1
Louis C.K.,0,2,1
Louis Calhern,0,1,1
Louis Gossett Jr.,2,3,3
Louis Jourdan,0,1,1
Louise Fletcher,1,1,2
Lucas Hedges,0,1,1
Lucie Arnaz,0,1,1
Lucille Ball,0,7,1
Lucy Gutteridge,0,1,1
Lupita Nyong'o,0,1,1
Lynda Day George,0,1,1
Lynn Redgrave,2,4,3
Lynn Whitfield,0,1,1
Lynn-Holly Johnson,0,1,1
Macaulay Culkin,0,1,1
Machiko Kyo,0,1,1
Madeleine Stowe,0,1,1
Madeline Kahn,0,4,1
Madonna,1,1,2
Maggie Gyllenhaal,1,4,2
Maggie Smith,3,12,3
Mahershala Ali,1,2,2
Mako,0,1,1
Malcolm McDowell,0,1,1
Mandy Moore,0,1,1
Mandy Patinkin,0,3,1
Marcello Mastroianni,1,4,2
Marcia Cross,0,3,1
Mare Winningham,0,1,1
Marg Helgenberger,0,3,1
Margaret Rutherford,1,1,2
Margot Robbie,0,2,1
Maria Bello,0,2,1
Marianne Jean-Baptiste,0,1,1
Marianne McAndrew,0,2,1
Marie Gomez,0,1,1
Mariel Hemingway,0,2,1
Marilu Henner,0,5,1
Marilyn Hassett,1,2,2
Marilyn Monroe,1,2,2
Marina Vlady,0,1,1
Marion Cotillard,1,3,2
Marion Ross,0,1,1
Marisa Berenson,0,2,1
Marisa Pavan,1,1,2
Marisa Tomei,0,2,1
Mariska Hargitay,1,2,2
Marjorie Main,0,1,1
Mark Damon,1,1,2
Mark Harmon,0,4,1
Mark Ruffalo,0,3,1
Mark Rylance,0,2,1
Mark Wahlberg,0,2,1
Marla Gibbs,0,1,1
Marlee Matlin,1,3,2
Marlene Dietrich,0,1,1
Marlo Thomas,1,4,2
Marlon Brando,2,6,3
Marsha Mason,2,4,3
Martha Raye,0,1,1
Marthe Keller,0,1,1
Martin Balsam,0,1,1
Martin Freeman,0,1,1
Martin Landau,3,3,3
Martin Sheen,1,8,2
Marty Feldman,0,1,1
Mary Ann Mobley,1,1,2
Mary Costa,0,1,1
Mary Elizabeth Mastrantonio,0,1,1
Mary J. Blige,0,1,1
Mary McDonnell,0,2,1
Mary Steenburgen,1,3,2
Mary Tyler Moore,3,9,3
Mary Ure,0,1,1
Mary-Louise Parker,2,5,3
Masi Oka,0,1,1
Matt Bomer,1,1,2
Matt Damon,1,6,2
Matt Dillon,0,1,1
Matt LeBlanc,1,5,2
Matthew Broderick,0,1,1
Matthew Fox,0,1,1
Matthew McConaughey,1,2,2
Matthew Modine,0,2,1
Matthew Morrison,0,2,1
Matthew Perry,0,1,1
Matthew Rhys,0,2,1
Maura McGiveney,0,1,1
Maura Tierney,1,1,2
Maureen Stapleton,1,5,2
Maurice Chevalier,0,3,1
Max Greenfield,0,1,1
Max von Sydow,0,2,1
Maximilian Schell,2,4,3
McLean Stevenson,1,1,2
Meg Ryan,0,3,1
Meg Tilly,1,1,2
Megan Mullally,0,4,1
Mel Brooks,0,2,1
Mel Gibson,0,2,1
Mel Harris,0,1,1
Melanie Griffith,1,5,2
Melina Mercouri,0,3,1
Melinda Dillon,0,1,1
Melissa George,0,1,1
Melissa Gilbert,0,1,1
Melissa Leo,1,1,2
Melissa McCarthy,0,2,1
Melvyn Douglas,1,3,2
Mercedes McCambridge,2,2,3
Mercedes Ruehl,1,1,2
Merritt Wever,0,1,1
Merv Griffin,0,1,1
Meryl Streep,8,32,3
Mia Farrow,1,8,2
Michael C. Hall,1,5,2
Michael Caine,3,12,3
Michael Callan,1,2,2
Michael Chiklis,1,3,2
Michael Clarke Duncan,0,1,1
Michael Constantine,0,2,1
Michael Douglas,3,10,3
Michael Ealy,0,1,1
Michael Emerson,0,1,1
Michael Fassbender,0,3,1
Michael Gambon,0,1,1
Michael Imperioli,0,2,1
Michael J. Fox,4,10,3
Michael J. Pollard,0,2,1
Michael Jeter,0,1,1
Michael Keaton,1,2,2
Michael Landon,0,1,1
Michael Learned,0,4,1
Michael Moriarty,1,2,2
Michael O'Keefe,0,1,1
Michael Sacks,0,1,1
Michael Sarrazin,0,1,1
Michael Shannon,0,1,1
Michael Sheen,0,1,1
Michael Stuhlbarg,0,1,1
Michael Tucker,0,2,1
Michelle Dockery,0,1,1
Michelle Monaghan,0,1,1
Michelle Pfeiffer,1,7,2
Michelle Phillips,0,1,1
Michelle Williams,2,6,3
Mickey Rooney,2,2,3
Mickey Rourke,1,1,2
Mike Connors,1,6,2
Mikhail Baryshnikov,0,1,1
Mila Kunis,0,1,1
Milburn Stone,0,1,1
Mildred Dunnock,0,3,1
Millard Mitchell,1,1,2
Minnie Driver,0,1,1
Mira Sorvino,1,3,2
Miranda Richardson,2,7,3
Mireille Enos,0,1,1
Miriam Hopkins,0,1,1
Mitch Vogel,0,1,1
Mitzi Gaynor,0,1,1
Miyoshi Umeki,0,3,1
Mo'Nique,1,1,2
Molly Picon,0,1,1
Molly Ringwald,0,1,1
Mona Washbourne,0,1,1
Monica Potter,0,1,1
Montgomery Clift,0,1,1
Morgan Fairchild,0,1,1
Morgan Freeman,1,5,2
Mos Def,0,1,1
Nancy Allen,0,1,1
Nancy Kwan,1,2,2
Nancy Marchand,1,1,2
Nancy Sinatra,0,2,1
Nancy Walker,0,4,1
Naomi Watts,0,1,1
Naomie Harris,0,1,1
Nastassja Kinski,1,2,2
Natalie Portman,2,4,3
Natalie Wood,2,7,3
Natasha Lyonne,0,1,1
Nathan Lane,0,2,1
Naveen Andrews,0,1,1
Ned Beatty,0,1,1
Neil Diamond,0,1,1
Neil Patrick Harris,0,4,1
Nell Carter,0,2,1
Nia Vardalos,0,1,1
Nick Nolte,1,5,2
Nicolas Cage,1,4,2
Nicole Kidman,4,14,3
Nicollette Sheridan,0,1,1
Nigel Patrick,0,1,1
Nikki Blonsky,0,1,1
Noah Wyle,0,3,1
Norma Aleandro,0,1,1
Norman Fell,1,1,2
Octavia Spencer,1,3,2
Oded Kotler,0,1,1
Oliver Platt,0,1,1
Olivia Colman,3,3,3
Olivia Hussey,1,1,2
Olivia Newton-John,0,1,1
Olivia de Havilland,2,3,3
Olympia Dukakis,1,2,2
Omar Sharif,3,3,3
Oprah Winfrey,0,1,1
Orson Welles,0,1,1
Oscar Homolka,0,1,1
Oscar Isaac,1,2,2
Oskar Werner,1,3,2
Ossie Davis,0,1,1
Owen Wilson,0,1,1
Pam Grier,0,1,1
Pamela Adlon,0,1,1
Pamela Tiffin,0,2,1
Park Overall,0,3,1
Parker Posey,0,1,1
Pat Crowley,2,2,3
Pat Harrington,1,4,2
Pat Morita,0,2,1
Patricia Arquette,3,6,3
Patricia Clarkson,1,2,2
Patricia Neal,1,2,2
Patricia Richardson,0,2,1
Patricia Wettig,1,1,2
Patrick Dempsey,0,2,1
Patrick Stewart,0,3,1
Patrick Swayze,0,3,1
Patrick Wayne,1,1,2
Patrick Wilson,0,2,1
Patty Duke,2,4,3
Patty McCormack,0,1,1
Paul Dano,0,1,1
Paul Giamatti,2,5,3
Paul Hogan,1,1,2
Paul Le Mat,2,3,3
Paul Lukas,1,1,2
Paul Lynde,0,1,1
Paul Mann,0,2,1
Paul Newman,2,11,3
Paul Reiser,0,4,1
Paul Rudd,0,1,1
Paul Scofield,1,2,2
Paul Wallace,0,1,1
Pauline Collins,0,1,1
Pauline Frederick,1,1,2
Peggy Ashcroft,1,2,2
Peggy Cass,0,1,1
Peggy Lipton,1,4,2
Peggy Wood,0,1,1
Penelope Ann Miller,0,1,1
Penny Marshall,0,3,1
Penélope Cruz,0,4,1
Perry King,0,1,1
Peter Dinklage,1,1,2
Peter Falk,1,10,2
Peter Finch,1,2,2
Peter Firth,1,1,2
Peter Fonda,2,4,3
Peter Graves,1,3,2
Peter Krause,0,2,1
Peter O'Toole,4,11,3
Peter Sarsgaard,0,1,1
Peter Sellers,1,5,2
Peter Strauss,0,5,1
Peter Ustinov,1,3,2
Petula Clark,0,1,1
Philip Anglim,0,1,1
Philip Casnoff,0,1,1
Philip Michael Thomas,0,1,1
Philip Seymour Hoffman,1,5,2
Phoebe Waller-Bridge,1,1,2
Phyllis Diller,0,1,1
Pia Degermark,0,1,1
Pier Angeli,1,1,2
Pierce Brosnan,0,2,1
Piper Laurie,1,4,2
Piper Perabo,0,1,1
Polly Bergen,0,1,1
Polly Holliday,2,4,3
Polly Walker,0,1,1
Pruenella Ransome,0,1,1
Queen Latifah,1,3,2
Quentin Dean,0,1,1
Quinn Cummings,0,1,1
Quvenzhané Wallis,0,1,1
R. Lee Ermey,0,1,1
Rachel Bloom,1,2,2
Rachel Brosnahan,2,3,3
Rachel Griffiths,1,4,2
Rachel Levin,0,1,1
Rachel Roberts,0,1,1
Rachel Ward,0,2,1
Rachel Weisz,1,3,2
Ralph Fiennes,0,5,1
Rami Malek,1,4,2
Ramy Youssef,1,1,2
Randy Quaid,1,3,2
Raquel Welch,1,2,2
Raul Julia,1,4,2
Ray Danton,1,1,2
Ray Liotta,0,1,1
Ray Milland,1,2,2
Ray Romano,0,2,1
Ray Sharkey,1,2,2
Ray Stricklyn,0,2,1
Raymond Burr,0,2,1
Reba McEntire,0,1,1
Rebecca Ferguson,0,1,1
Rebecca Hall,0,1,1
Red Buttons,1,3,2
Redd Foxx,1,4,2
Reese Witherspoon,1,6,2
Regina King,1,3,2
Regina Taylor,1,1,2
Renée Zellweger,4,7,3
Rex Harrison,1,4,2
Rhea Perlman,0,6,1
Richard Attenborough,2,2,3
Richard Benjamin,1,2,2
Richard Beymer,0,2,1
Richard Boone,0,1,1
Richard Burton,2,7,3
Richard Chamberlain,3,6,3
Richard Crenna,0,3,1
Richard Dreyfuss,1,4,2
Richard E. Grant,0,1,1
Richard Egan,2,2,3
Richard Farnsworth,0,3,1
Richard Gere,1,4,2
Richard Harris,1,2,2
Richard Hatch,0,1,1
Richard Jenkins,0,1,1
Richard Jordan,1,1,2
Richard Kiley,2,3,3
Richard Madden,1,1,2
Richard Mulligan,1,3,2
Richard Roundtree,0,1,1
Richard Thomas,0,2,1
Richard Todd,1,2,2
Richard Widmark,1,1,2
Ricky Gervais,1,3,2
Ricky Nelson,0,1,1
Ricky/Rick Schroder,1,2,2
Riley Keough,0,1,1
Rinko Kikuchi,0,1,1
Rita Gam,0,1,1
Rita Hayworth,0,1,1
Rita Moreno,1,3,2
Rita Tushingham,1,2,2
River Phoenix,0,1,1
Riz Ahmed,0,1,1
Rob Lowe,1,6,2
Rob Morrow,0,3,1
Rob Reiner,0,5,1
Robby Benson,0,2,1
Robert Blake,1,3,2
Robert Conrad,0,1,1
Robert Culp,0,1,1
Robert De Niro,1,9,2
Robert Donat,0,1,1
Robert Downey Jr.,2,4,3
Robert Duvall,4,7,3
Robert Guillaume,0,3,1
Robert Morley,0,1,1
Robert Preston,0,2,1
Robert Redford,1,3,2
Robert Shaw,0,1,1
Robert Urich,0,2,1
Robert Vaughn,0,4,1
Robert Wagner,0,6,1
Robert Walker Jr.,1,1,2
Robert Young,1,5,2
Robin Williams,4,10,3
Robin Wright,1,4,2
Rod Steiger,1,2,2
Roddy McDowall,0,1,1
Roger Daltrey,0,1,1
Roma Downey,0,2,1
Roman Griffin Davis,0,1,1
Romola Garai,0,2,1
Romy Schneider,0,1,1
Ron Howard,1,2,2
Ron Leibman,0,1,1
Ron Livingston,0,1,1
Ron Moody,1,1,2
Ron Perlman,1,1,2
Ronald Colman,1,1,2
Ronee Blakley,0,2,1
Rooney Mara,0,2,1
Rosalind Russell,5,5,3
Rosamund Pike,0,2,1
Rosanna Arquette,0,1,1
Rose Byrne,0,2,1
Roseanne Barr,1,5,2
Rosemary Forsyth,0,1,1
Rosemary Harris,1,2,2
Rosie Perez,0,1,1
Ross Martin,0,1,1
Roxana Zal,0,1,1
Roy Scheider,0,1,1
Rue McClanahan,0,3,1
Rupert Everett,0,2,1
Russ Tamblyn,1,1,2
Russell Crowe,2,6,3
Rutger Hauer,1,2,2
Ruth Buzzi,1,1,2
Ruth Gordon,2,3,3
Ruth Negga,0,1,1
Ruth Roman,0,1,1
Ruth Wilson,1,2,2
Ryan Gosling,1,5,2
Ryan O'Neal,0,2,1
Ryan Reynolds,0,1,1
S. Epatha Merkerson,1,1,2
Sacha Baron Cohen,1,3,2
Sada Thompson,0,3,1
Sal Mineo,1,1,2
Sally Field,2,11,3
Sally Hawkins,1,3,2
Sally Kellerman,0,1,1
Sally Kirkland,1,2,2
Sally Struthers,0,4,1
Salma Hayek,0,1,1
Sam Elliott,0,2,1
Sam Neill,0,3,1
Sam Rockwell,1,3,2
Sam Shepard,0,1,1
Sam Waterston,1,7,2
Samantha Eggar,1,1,2
Samantha Morton,1,2,2
Sammi Davis-Voss,0,1,1
Sammy Davis Jr.,0,1,1
Samuel L. Jackson,0,4,1
Sandahl Bergman,1,1,2
Sandra Bullock,1,5,2
Sandra Dee,1,1,2
Sandra Oh,2,2,3
Sandy Dennis,0,2,1
Sandy Duncan,0,2,1
Saoirse Ronan,1,4,2
Sarah Hay,0,1,1
Sarah Jessica Parker,4,9,3
Sarah Michelle Gellar,0,1,1
Sarah Miles,0,2,1
Sarah Paulson,1,3,2
Scarlett Johansson,0,5,1
Scott Bakula,1,3,2
Scott Caan,0,1,1
Scott Wilson,0,1,1
Sean Connery,1,2,2
Sean P. Hayes,0,6,1
Sean Penn,1,5,2
Sela Ward,1,4,2
Selma Diamond,0,1,1
Sessue Hayakawa,0,1,1
Shailene Woodley,0,2,1
Sharon Gless,2,7,3
Sharon Stone,1,4,2
Sharon Tate,0,1,1
Shelley Long,2,4,3
Shelley Winters,1,6,2
Sherilyn Fenn,0,1,1
Sherman Hemsley,0,1,1
Sherry Stringfield,0,2,1
Shirley Booth,1,2,2
Shirley Jones,0,4,1
Shirley Knight,1,4,2
Shirley MacLaine,5,19,3
Sian Barbara Allen,0,1,1
Sian Phillips,0,1,1
Sidney Poitier,1,7,2
Sienna Miller,0,1,1
Sigourney Weaver,2,7,3
Simon Baker,0,2,1
Simon Helberg,0,1,1
Simon Ward,0,1,1
Simone Signoret,0,2,1
Sissy Spacek,3,7,3
Sofia Vergara,0,4,1
Sondra Locke,0,2,1
Sophia Loren,0,3,1
Sophie Okonedo,0,1,1
Spencer Tracy,1,4,2
Spring Byington,0,1,1
Stacy Keach,1,2,2
Stanley Holloway,0,1,1
Stanley Tucci,2,3,3
Stathis Giallelis,1,2,2
Stefanie Powers,0,5,1
Stella Stevens,1,1,2
Stellan Skarsgård,1,1,2
Stephan James,0,1,1
Stephanie Beacham,0,1,1
Stephanie Zimbalist,0,1,1
Stephen Boyd,1,2,2
Stephen Fry,0,1,1
Stephen Rea,0,1,1
Sterling K. Brown,1,2,2
Steve Buscemi,1,4,2
Steve Carell,1,9,2
Steve Forrest,1,2,2
Steve Martin,0,5,1
Steve McQueen,0,4,1
Steve Railsback,0,1,1
Steven Bauer,0,2,1
Steven Warner,0,1,1
Stockard Channing,0,3,1
Strother Martin,0,1,1
Sue Ane Langdon,1,2,2
Sue Lyon,1,1,2
Susan Anton,0,1,1
Susan Blakely,1,2,2
Susan Clark,0,1,1
Susan Dey,1,6,2
Susan Flannery,1,1,2
Susan Hayward,2,2,3
Susan Howard,0,1,1
Susan Kohner,2,3,3
Susan Ruttan,0,2,1
Susan Sarandon,0,9,1
Susan St. James,0,3,1
Susan Strasberg,0,1,1
Susan Sullivan,0,1,1
Susannah York,0,2,1
Suzanne Pleshette,0,2,1
Suzanne Somers,0,1,1
Swoosie Kurtz,0,1,1
Sylvester Stallone,1,2,2
Sylvia Sidney,1,2,2
Sônia Braga,0,3,1
Taina Elg,2,2,3
Talia Shire,0,1,1
Tammy Blanchard,0,1,1
Taraji P. Henson,1,1,2
Tarita,0,1,1
Taron Egerton,1,1,2
Tatiana Maslany,0,1,1
Tatum O'Neal,1,2,2
Taylor Schilling,0,2,1
Ted Danson,3,12,3
Ted Knight,0,2,1
Ted Neeley,0,2,1
Telly Savalas,2,6,3
Terence Stamp,1,2,2
Teresa Graves,0,1,1
Teri Hatcher,1,2,2
Terrence Howard,0,1,1
Terry-Thomas,0,1,1
Tess Harper,0,1,1
Thandie Newton,0,2,1
Thelma Ritter,0,3,1
Theresa Saldana,0,1,1
Thomas Gibson,0,2,1
Thomas Haden Church,0,2,1
Thomas Jane,0,3,1
Thora Birch,0,1,1
Tige Andrews,0,1,1
Tilda Swinton,0,2,1
Tim Allen,1,5,2
Tim Conway,1,2,2
Tim Robbins,2,4,3
Tim Roth,0,1,1
Timothy Bottoms,0,1,1
Timothy Hutton,2,4,3
Timothée Chalamet,0,2,1
Tina Chen,0,1,1
Tina Fey,2,6,3
Tina Louise,1,1,2
Tippi Hedren,1,1,2
Tobey Maguire,0,1,1
Tobias Menzies,0,2,1
Toby Jones,0,1,1
Tom Baker,0,2,1
Tom Berenger,1,1,2
Tom Cavanagh,0,1,1
Tom Conti,0,2,1
Tom Courtenay,1,1,2
Tom Cruise,3,7,3
Tom Ewell,1,1,2
Tom Hanks,4,10,3
Tom Hiddleston,1,1,2
Tom Hulce,0,4,1
Tom Jones,0,1,1
Tom Nardini,0,1,1
Tom Selleck,1,7,2
Tom Sizemore,0,1,1
Tom Skerritt,0,2,1
Tom Tryon,0,1,1
Tom Wilkinson,1,4,2
Tommy Lee Jones,1,4,2
Tommy Steele,0,1,1
Toni Collette,1,6,2
Tony Curtis,0,2,1
Tony Danza,0,3,1
Tony Randall,0,6,1
Tony Shalhoub,1,5,2
Tracee Ellis Ross,1,1,2
Tracey Ullman,1,5,2
Treat Williams,0,2,1
Trevor Howard,0,3,1
Trish Van Devere,0,1,1
Troy Donahue,1,1,2
Troy Garity,0,1,1
Truman Capote,0,1,1
Tuesday Weld,1,2,2
Twiggy,2,2,3
Tyne Daly,1,5,2
Ugo Tognazzi,0,1,1
Uma Thurman,1,4,2
Ursula Andress,1,1,2
Uzo Aduba,0,2,1
Valentina Cortese,0,1,1
Valerie Bertinelli,2,3,3
Valerie Harper,1,6,2
Valerie Perrine,0,1,1
Vanessa Redgrave,2,13,3
Vera Farmiga,0,1,1
Vic Tayback,2,3,3
Vicki Lawrence,0,3,1
Victor Buono,0,1,1
Victoria Principal,0,2,1
Victoria Shaw,1,1,2
Victoria Tennant,0,1,1
Viggo Mortensen,0,4,1
Ving Rhames,1,1,2
Viola Davis,1,5,2
Virginia Madsen,0,1,1
Virginia McKenna,0,1,1
Vivien Leigh,0,1,1
Vivien Merchant,0,1,1
Wagner Moura,0,1,1
Walter Huston,1,1,2
Walter Matthau,1,8,2
Warren Beatty,2,8,3
Wayne Rogers,0,1,1
Wendie Malick,0,1,1
Wendy Hiller,0,2,1
Wentworth Miller,0,1,1
Whitman Mayo,0,1,1
Whoopi Goldberg,2,3,3
Wilfred Hyde-White,0,1,1
Will Ferrell,0,2,1
Will Geer,0,2,1
Will Smith,0,5,1
Willem Dafoe,0,3,1
William Conrad,0,2,1
William Devane,0,1,1
William H. Macy,0,5,1
William Hurt,0,6,1
William L. Petersen,0,1,1
William O. Campbell,0,1,1
William Shatner,1,2,2
Winona Ryder,1,3,2
Woody Allen,0,2,1
Woody Harrelson,0,4,1
Woody Strode,0,1,1
Yoko Shimada,1,1,2
Yul Brynner,0,1,1
Yvette Mimieux,0,3,1
Yvonne Elliman,0,1,1
Yvonne Strahovski,0,1,1
Zach Braff,0,3,1
Zalman King,0,1,1
Zero Mostel,0,1,1
Ziyi Zhang,0,1,1
Zooey Deschanel,0,3,1
